age,systolic_bp,diastolic_bp,bmi,smoking_binary,family_history_binary,prior_conditions_count,high_risk
25,102.0,69.0,24.0,0,0,0,0
66,152.0,79.0,20.6,0,1,1,1
59,132.0,85.0,23.9,0,0,2,1
46,136.0,74.0,19.3,0,0,0,0
45,126.0,79.0,24.4,0,1,0,0
71,147.0,84.0,18.9,0,0,1,0
25,120.0,64.0,23.3,0,1,2,0
61,143.0,88.0,19.6,1,1,0,1
32,128.0,66.0,21.4,0,0,0,0
25,109.0,74.0,24.9,0,0,2,0
51,137.0,75.0,24.2,0,1,4,0
78,144.0,85.0,20.0,0,1,3,1
64,141.0,75.0,22.2,0,0,0,0
65,135.0,82.0,19.7,0,0,2,0
63,148.0,90.0,19.1,1,0,2,1
67,132.0,78.0,24.7,0,0,3,0
50,132.0,74.0,25.2,0,1,1,0
27,117.0,74.0,23.7,0,0,0,0
70,138.0,85.0,26.3,0,1,1,0
47,128.0,65.0,23.3,0,1,0,0
50,131.0,88.0,22.7,0,0,2,0
42,120.0,78.0,19.9,0,0,2,1
30,117.0,76.0,21.2,0,1,0,0
75,147.0,88.0,20.8,1,1,0,1
66,158.0,72.0,21.8,0,1,1,1
58,153.0,88.0,24.2,1,0,0,1
44,129.0,73.0,22.8,0,0,0,0
69,151.0,85.0,33.6,0,0,4,1
52,125.0,82.0,19.6,1,1,0,1
46,117.0,83.0,22.9,1,0,1,0
47,125.0,73.0,19.1,0,0,1,0
33,119.0,83.0,21.5,1,0,1,0
25,113.0,65.0,21.2,0,0,3,0
53,133.0,89.0,26.2,0,1,1,0
73,161.0,99.0,23.3,1,0,2,1
23,105.0,79.0,21.6,0,0,2,0
71,156.0,94.0,23.3,1,1,1,1
69,142.0,82.0,20.2,0,1,1,0
36,134.0,85.0,20.8,1,0,0,0
57,130.0,79.0,22.7,0,0,2,1
29,128.0,64.0,22.7,0,1,1,0
65,138.0,89.0,25.9,0,1,2,1
62,151.0,86.0,23.4,0,0,2,1
41,118.0,75.0,22.3,0,0,2,0
24,120.0,65.0,17.0,0,0,0,0
78,146.0,82.0,26.5,0,0,1,0
46,125.0,67.0,21.2,0,1,1,0
73,149.0,88.0,26.9,0,0,1,0
60,134.0,72.0,27.9,0,0,2,0
66,118.0,83.0,23.7,0,1,0,0
65,114.0,77.0,21.2,0,1,1,0
31,129.0,66.0,22.5,0,1,1,0
41,144.0,81.0,24.1,1,0,2,1
48,144.0,75.0,22.5,0,0,0,1
49,129.0,81.0,21.8,0,0,1,0
22,103.0,64.0,23.8,0,0,1,0
52,128.0,74.0,25.1,0,0,0,0
29,117.0,60.0,21.4,0,0,0,0
64,130.0,70.0,19.2,0,0,2,1
60,159.0,94.0,25.4,1,1,1,1
75,163.0,94.0,22.4,0,1,1,1
64,142.0,81.0,24.8,0,0,3,0
41,135.0,76.0,23.5,1,0,0,0
78,136.0,83.0,19.2,0,0,3,0
44,139.0,80.0,23.4,0,0,0,0
39,134.0,77.0,24.5,1,0,2,0
74,152.0,90.0,26.6,1,0,2,1
42,129.0,75.0,23.5,0,1,1,0
24,110.0,68.0,16.3,0,0,0,0
48,130.0,74.0,27.2,0,1,0,0
67,129.0,83.0,25.6,0,0,3,0
31,127.0,68.0,18.9,0,0,3,0
47,127.0,79.0,21.0,0,0,2,0
27,125.0,69.0,23.0,0,0,2,0
61,145.0,86.0,26.1,1,0,1,0
48,128.0,84.0,21.9,0,1,2,1
39,114.0,74.0,25.4,0,0,0,0
33,126.0,78.0,17.3,0,0,1,0
53,135.0,74.0,20.5,1,0,1,0
60,132.0,78.0,17.8,0,0,1,0
76,146.0,84.0,22.1,0,0,1,0
46,129.0,86.0,27.8,0,0,2,0
29,104.0,62.0,28.6,0,1,1,0
69,140.0,82.0,25.2,0,0,1,0
57,141.0,87.0,21.9,0,0,1,1
62,134.0,77.0,23.4,0,1,1,0
25,123.0,75.0,23.7,1,1,0,0
38,134.0,81.0,18.2,1,0,0,0
66,139.0,82.0,22.6,0,0,0,0
69,133.0,90.0,28.8,0,0,1,0
46,127.0,79.0,20.2,0,0,1,0
68,159.0,94.0,22.2,1,0,0,1
70,134.0,81.0,24.5,0,1,1,0
43,123.0,72.0,24.0,0,0,3,0
73,133.0,82.0,22.8,0,1,0,0
37,140.0,73.0,23.1,1,0,3,0
34,120.0,76.0,24.5,0,1,1,0
60,129.0,78.0,29.9,0,1,0,0
58,136.0,76.0,23.5,0,0,1,0
28,117.0,79.0,22.3,1,0,1,0
69,133.0,77.0,29.0,0,0,1,0
31,107.0,77.0,20.9,0,1,1,0
68,142.0,85.0,20.4,1,0,1,1
20,133.0,81.0,22.8,1,0,1,0
67,134.0,80.0,27.6,0,0,0,0
67,144.0,85.0,25.4,0,1,0,1
66,133.0,82.0,24.0,0,0,0,0
59,151.0,88.0,19.6,1,0,0,1
48,121.0,78.0,23.2,0,1,2,0
62,138.0,72.0,27.8,0,0,1,0
36,122.0,79.0,19.1,0,1,0,0
66,158.0,81.0,23.6,0,0,1,0
53,147.0,87.0,22.5,1,0,0,0
47,123.0,80.0,21.3,0,1,4,0
50,135.0,74.0,24.2,0,1,0,0
54,160.0,79.0,25.0,1,1,1,1
22,110.0,79.0,23.4,1,0,0,0
28,120.0,75.0,19.5,1,0,0,0
34,119.0,78.0,17.8,0,0,1,0
26,112.0,71.0,23.1,0,0,0,0
46,125.0,82.0,21.8,0,0,1,0
60,126.0,82.0,29.5,0,0,1,1
59,157.0,86.0,29.6,1,0,1,1
48,117.0,75.0,29.4,0,0,1,0
71,141.0,84.0,21.7,0,0,0,1
53,150.0,89.0,25.4,1,0,1,0
24,114.0,71.0,24.8,0,1,0,0
65,131.0,84.0,26.5,0,0,1,0
54,122.0,79.0,22.6,0,0,2,0
58,133.0,80.0,27.7,0,1,1,0
53,126.0,87.0,23.7,0,1,1,0
53,133.0,84.0,24.0,0,0,0,0
25,114.0,77.0,17.6,1,0,1,0
53,138.0,79.0,25.6,0,0,4,0
67,141.0,78.0,23.6,0,0,2,1
38,124.0,74.0,24.3,0,1,2,1
56,145.0,81.0,24.5,0,1,1,1
21,109.0,75.0,22.6,0,0,2,0
40,118.0,79.0,22.9,0,1,2,0
46,123.0,71.0,25.7,0,0,2,0
78,145.0,89.0,24.3,0,0,0,1
32,128.0,78.0,18.2,1,1,0,1
36,115.0,69.0,24.5,0,0,1,0
44,110.0,83.0,20.8,0,0,3,0
79,153.0,97.0,21.0,1,0,2,1
71,155.0,89.0,21.5,1,1,3,1
22,114.0,74.0,22.9,0,0,1,0
34,130.0,77.0,22.4,0,0,1,0
69,157.0,89.0,18.1,0,0,1,1
23,120.0,74.0,21.0,0,0,2,0
71,154.0,76.0,28.1,0,0,1,0
36,128.0,84.0,21.4,0,1,1,0
75,159.0,89.0,24.3,0,1,0,1
37,137.0,72.0,26.0,0,1,1,0
46,145.0,76.0,25.7,1,1,1,1
59,141.0,82.0,27.0,0,0,1,0
27,115.0,70.0,16.0,0,0,0,0
53,131.0,80.0,28.9,0,0,1,0
50,127.0,81.0,25.4,0,0,2,0
67,145.0,79.0,31.7,0,1,1,1
79,152.0,84.0,22.6,1,1,0,1
59,144.0,87.0,18.7,1,1,0,1
44,118.0,78.0,23.2,1,0,2,0
44,150.0,82.0,22.4,1,0,0,1
45,135.0,75.0,25.2,1,0,1,0
68,154.0,86.0,27.6,1,0,3,1
39,135.0,78.0,22.7,0,0,2,0
30,120.0,76.0,21.8,0,0,1,0
40,136.0,71.0,24.6,0,0,3,0
21,103.0,64.0,21.3,0,1,1,0
26,135.0,72.0,21.3,0,0,2,0
25,134.0,79.0,25.4,1,0,0,0
66,141.0,84.0,28.1,0,1,2,1
63,149.0,78.0,27.4,0,0,4,1
61,127.0,82.0,23.5,0,1,1,0
47,126.0,84.0,16.9,0,1,1,0
63,149.0,82.0,23.7,0,0,4,1
29,112.0,69.0,20.2,1,1,1,0
74,149.0,85.0,24.3,0,0,0,0
50,134.0,88.0,21.5,0,1,3,0
76,161.0,78.0,24.7,0,1,1,1
29,105.0,72.0,19.3,0,1,0,1
49,142.0,76.0,19.6,0,0,1,0
61,142.0,86.0,27.7,1,0,0,0
49,136.0,83.0,20.5,1,1,0,0
46,118.0,82.0,23.3,0,1,1,0
29,119.0,78.0,25.3,1,0,1,0
42,128.0,82.0,25.8,0,1,1,0
34,122.0,78.0,25.1,1,0,1,0
38,129.0,73.0,23.8,0,1,0,0
61,131.0,77.0,26.2,0,1,1,0
57,134.0,75.0,28.0,1,0,1,0
56,129.0,80.0,25.1,0,0,1,0
41,127.0,86.0,17.5,0,0,2,0
77,144.0,87.0,23.3,0,0,0,0
25,115.0,75.0,24.3,0,0,0,0
40,130.0,73.0,21.1,0,0,1,0
27,135.0,76.0,27.2,1,0,4,1
40,132.0,85.0,22.8,1,0,2,0
77,138.0,94.0,25.1,0,0,4,1
41,125.0,83.0,26.4,0,1,3,1
74,148.0,88.0,24.2,0,1,0,1
49,118.0,77.0,24.0,0,0,0,0
61,129.0,81.0,26.7,0,1,0,0
47,132.0,78.0,18.9,1,0,1,0
35,129.0,72.0,21.9,1,0,3,0
65,143.0,81.0,26.7,1,0,1,1
78,152.0,85.0,25.1,0,0,1,0
35,108.0,72.0,27.2,0,0,0,0
66,127.0,74.0,19.6,0,0,0,0
35,118.0,74.0,17.7,0,1,1,0
63,136.0,79.0,26.5,0,1,3,1
67,129.0,76.0,26.9,0,0,0,0
46,123.0,75.0,22.7,0,0,1,0
64,145.0,84.0,25.4,1,0,1,1
36,118.0,71.0,25.0,0,1,1,0
24,126.0,81.0,19.8,1,1,1,0
25,110.0,62.0,20.1,0,0,1,0
46,139.0,67.0,23.9,0,0,2,0
74,148.0,84.0,27.4,0,0,0,0
27,110.0,72.0,18.9,0,0,1,0
47,129.0,79.0,22.8,0,1,0,0
62,138.0,78.0,23.4,0,1,2,1
32,139.0,73.0,23.9,1,0,1,0
63,133.0,81.0,24.1,0,0,1,0
38,129.0,72.0,21.3,0,0,2,0
68,141.0,90.0,28.1,0,0,0,1
54,144.0,77.0,22.1,0,0,2,1
52,142.0,78.0,22.7,0,0,3,1
30,120.0,85.0,17.7,0,1,2,0
47,136.0,81.0,21.2,1,0,1,0
71,157.0,91.0,26.1,1,0,0,1
21,111.0,73.0,23.0,0,0,1,0
65,152.0,85.0,26.0,0,0,0,0
49,130.0,79.0,25.1,0,1,0,0
63,145.0,87.0,30.4,1,0,2,1
59,132.0,80.0,21.7,0,1,0,0
45,117.0,73.0,18.4,0,1,2,1
38,127.0,76.0,19.7,0,0,2,0
57,138.0,94.0,21.7,1,0,2,1
28,126.0,78.0,19.5,0,1,2,0
55,133.0,85.0,24.0,1,0,3,1
25,126.0,81.0,26.0,1,0,1,0
58,144.0,75.0,28.5,0,1,0,1
57,127.0,83.0,25.4,1,1,2,1
25,131.0,76.0,28.7,0,0,1,0
65,136.0,89.0,23.2,0,0,1,0
44,128.0,72.0,18.3,0,0,0,0
67,155.0,84.0,27.5,1,1,1,1
22,119.0,81.0,16.6,0,0,1,0
30,120.0,73.0,20.2,0,0,2,0
49,137.0,86.0,25.0,0,1,0,0
31,123.0,74.0,22.2,0,1,0,0
39,137.0,76.0,22.4,0,1,2,0
59,140.0,78.0,20.4,0,0,1,0
28,133.0,77.0,22.4,0,0,2,0
60,153.0,92.0,27.0,1,1,2,1
26,101.0,66.0,22.4,0,1,0,0
30,139.0,71.0,20.0,0,0,0,0
55,128.0,83.0,20.0,0,0,1,0
67,152.0,81.0,21.9,0,0,3,1
30,118.0,70.0,23.7,0,0,0,0
37,131.0,79.0,23.9,0,0,1,0
75,149.0,94.0,22.3,1,0,4,1
79,152.0,83.0,18.3,0,0,2,1
54,130.0,80.0,25.0,0,1,0,0
46,140.0,70.0,20.6,0,0,0,0
40,138.0,76.0,25.1,1,0,1,0
56,141.0,80.0,21.5,0,0,3,1
55,116.0,79.0,20.8,0,0,1,0
37,132.0,74.0,23.3,1,0,2,1
21,116.0,67.0,29.1,0,0,0,0
29,129.0,72.0,24.7,1,0,0,0
77,154.0,87.0,25.3,0,0,2,1
45,124.0,66.0,24.3,0,1,0,0
48,129.0,72.0,18.1,0,0,1,0
48,148.0,73.0,20.0,1,1,4,1
66,121.0,84.0,16.8,0,1,1,0
23,119.0,62.0,27.3,0,1,0,0
24,112.0,71.0,26.8,0,0,1,0
36,114.0,82.0,24.0,0,0,3,0
49,132.0,86.0,23.9,0,0,2,0
60,146.0,71.0,19.3,0,1,3,1
49,148.0,84.0,22.8,1,0,0,1
46,127.0,72.0,28.7,0,1,1,0
76,153.0,78.0,25.2,0,0,0,1
29,124.0,72.0,20.8,0,1,1,0
54,132.0,85.0,18.4,0,0,0,0
52,126.0,81.0,27.7,0,0,1,0
48,124.0,73.0,23.2,0,0,1,0
68,148.0,86.0,19.1,0,0,1,1
36,121.0,63.0,20.0,0,0,1,1
77,138.0,80.0,21.0,0,0,1,0
39,110.0,71.0,22.6,0,0,0,0
52,138.0,78.0,24.2,0,0,3,0
51,126.0,77.0,22.0,0,0,0,0
70,145.0,82.0,26.8,0,1,2,1
46,148.0,81.0,23.5,1,0,2,1
37,122.0,79.0,26.0,1,0,1,0
21,112.0,73.0,21.0,0,0,0,0
41,123.0,76.0,32.2,0,0,1,0
69,144.0,81.0,22.8,0,0,3,1
20,122.0,72.0,19.3,0,0,0,0
73,133.0,87.0,21.6,0,1,1,0
52,136.0,75.0,23.0,0,0,3,0
28,125.0,72.0,17.2,0,1,1,0
38,131.0,85.0,23.8,1,0,1,0
53,131.0,73.0,17.9,0,0,0,0
38,126.0,84.0,23.4,0,0,2,0
26,118.0,65.0,18.2,0,0,0,0
59,150.0,83.0,22.8,1,0,1,1
60,140.0,75.0,25.8,0,1,0,0
27,108.0,83.0,29.3,0,1,1,0
36,130.0,71.0,19.6,0,0,1,0
34,130.0,71.0,22.2,0,0,0,0
59,147.0,83.0,21.8,1,0,0,1
63,126.0,81.0,21.5,0,0,0,0
63,137.0,79.0,22.0,0,0,0,0
76,147.0,83.0,27.3,0,1,1,1
66,130.0,64.0,22.8,0,1,2,1
39,131.0,80.0,29.7,1,0,2,1
26,104.0,72.0,23.5,0,0,0,0
56,138.0,84.0,20.8,0,1,1,0
74,156.0,95.0,23.6,1,1,1,1
78,144.0,89.0,22.5,1,0,1,0
33,123.0,77.0,25.1,0,0,1,0
34,120.0,68.0,17.8,0,1,1,0
22,117.0,74.0,18.1,0,1,0,0
28,114.0,69.0,20.6,0,0,4,0
53,125.0,72.0,25.7,0,1,1,0
52,125.0,77.0,27.3,0,0,1,0
42,131.0,88.0,27.2,1,1,2,0
38,133.0,80.0,24.5,1,0,2,0
69,153.0,95.0,24.2,1,0,0,1
47,137.0,78.0,25.7,1,0,0,0
68,137.0,87.0,21.0,0,0,2,0
77,153.0,86.0,19.3,1,0,1,1
39,153.0,81.0,24.3,1,0,1,1
32,113.0,74.0,19.6,0,0,2,0
77,142.0,88.0,24.7,0,0,0,0
58,161.0,81.0,24.3,0,1,3,1
37,126.0,71.0,23.6,0,1,1,0
57,123.0,84.0,26.7,0,1,1,0
50,137.0,86.0,26.0,0,0,1,0
74,137.0,81.0,25.3,0,0,0,0
35,128.0,65.0,21.4,0,1,1,0
79,146.0,87.0,25.3,0,0,2,0
76,152.0,87.0,23.0,1,0,0,1
30,141.0,77.0,21.9,1,1,1,1
29,122.0,75.0,30.3,0,1,3,0
51,138.0,75.0,24.1,0,0,1,0
22,117.0,69.0,23.5,0,1,1,0
37,129.0,79.0,20.7,1,0,1,0
46,142.0,89.0,26.4,1,1,0,1
78,156.0,85.0,27.2,0,0,1,0
79,158.0,84.0,27.3,1,0,2,1
29,132.0,66.0,23.1,0,0,0,0
73,151.0,84.0,27.8,0,0,0,0
25,127.0,71.0,26.1,1,1,0,0
64,140.0,73.0,25.0,0,0,1,0
70,143.0,86.0,24.2,0,1,1,1
73,134.0,87.0,27.3,0,1,0,0
33,119.0,71.0,19.9,0,0,2,0
73,156.0,90.0,22.5,1,1,2,1
26,122.0,77.0,22.1,1,0,1,0
51,133.0,81.0,18.3,0,0,2,1
48,129.0,80.0,25.9,0,0,2,0
38,139.0,66.0,20.0,1,1,0,0
21,118.0,69.0,20.6,0,1,2,0
66,151.0,89.0,23.7,1,1,1,1
40,113.0,73.0,23.1,0,1,0,0
59,150.0,80.0,22.9,0,1,2,1
44,135.0,85.0,23.0,1,0,0,0
42,125.0,76.0,22.9,0,1,1,0
73,141.0,91.0,23.3,0,0,1,1
25,111.0,77.0,19.9,0,0,0,0
64,151.0,80.0,27.4,0,0,1,0
64,149.0,80.0,17.9,0,0,1,0
42,129.0,61.0,22.5,0,0,3,0
35,130.0,77.0,21.3,1,0,2,0
20,127.0,68.0,23.3,1,0,0,0
76,146.0,85.0,20.4,0,0,1,1
76,144.0,85.0,23.3,0,1,2,1
34,123.0,77.0,22.4,0,0,2,0
21,119.0,82.0,25.3,1,0,1,0
27,118.0,72.0,23.3,0,0,2,0
24,116.0,82.0,18.6,0,0,1,0
69,146.0,83.0,23.0,0,0,1,0
73,139.0,77.0,27.3,0,1,4,1
29,123.0,69.0,18.8,0,0,3,0
64,131.0,79.0,24.0,0,1,1,1
30,123.0,80.0,22.5,1,1,2,1
42,131.0,76.0,21.9,1,0,0,0
55,134.0,82.0,31.8,1,1,2,1
63,146.0,80.0,22.9,0,0,1,1
72,135.0,81.0,25.9,0,1,4,1
22,108.0,75.0,19.8,0,1,1,0
31,139.0,81.0,24.1,1,1,0,0
36,117.0,80.0,25.4,0,1,0,0
38,131.0,78.0,21.1,1,1,2,1
79,139.0,91.0,24.8,0,1,2,1
66,156.0,80.0,21.6,1,0,0,1
39,130.0,68.0,19.5,0,1,0,0
78,153.0,78.0,28.0,0,1,1,1
49,134.0,77.0,21.8,0,0,1,0
50,131.0,84.0,16.3,0,1,3,1
46,123.0,73.0,28.6,0,0,2,0
28,110.0,70.0,20.0,0,0,0,0
76,156.0,83.0,24.1,0,0,0,0
20,128.0,78.0,26.9,1,0,0,0
30,112.0,70.0,22.1,0,1,1,0
33,120.0,71.0,22.2,0,0,0,0
36,129.0,72.0,19.1,1,0,1,0
27,107.0,69.0,17.4,0,0,1,0
21,114.0,76.0,21.6,0,0,0,0
60,143.0,85.0,25.1,1,1,0,1
78,149.0,86.0,25.8,1,1,0,1
27,104.0,78.0,20.9,0,0,0,0
37,120.0,76.0,22.9,1,0,1,0
50,127.0,85.0,18.0,0,0,0,0
75,144.0,91.0,26.1,0,0,2,1
61,130.0,81.0,24.5,0,0,1,0
65,144.0,74.0,30.2,0,0,2,1
54,142.0,95.0,23.7,1,0,0,1
45,132.0,78.0,20.4,0,0,3,0
31,127.0,76.0,22.4,1,0,1,0
71,136.0,88.0,23.6,0,0,2,0
68,142.0,86.0,25.7,0,1,0,0
21,102.0,77.0,22.1,0,1,1,0
62,142.0,77.0,20.3,0,0,1,0
25,118.0,78.0,17.3,1,1,1,0
64,146.0,75.0,25.0,0,1,0,1
69,139.0,86.0,28.6,0,0,1,0
27,125.0,72.0,22.6,0,0,0,0
46,119.0,78.0,25.7,0,0,1,0
27,121.0,76.0,25.4,1,1,0,0
54,135.0,77.0,24.5,0,0,0,0
75,164.0,84.0,22.3,1,1,0,1
24,128.0,75.0,22.8,0,0,2,0
43,126.0,83.0,26.8,0,0,3,0
78,162.0,82.0,26.5,0,1,0,1
38,120.0,77.0,25.1,0,0,2,0
27,135.0,79.0,21.0,1,1,1,1
49,132.0,82.0,22.8,1,1,2,1
50,143.0,75.0,23.1,1,1,1,1
59,117.0,73.0,23.8,0,0,1,0
38,114.0,71.0,26.4,0,1,3,0
77,150.0,74.0,17.8,0,0,1,0
51,120.0,85.0,23.6,0,0,0,0
37,126.0,76.0,22.6,0,1,0,0
77,153.0,84.0,20.7,0,1,1,1
75,141.0,73.0,26.8,0,0,1,0
49,132.0,73.0,21.3,1,0,0,0
21,109.0,70.0,21.0,0,1,3,0
55,125.0,89.0,29.3,0,1,1,0
53,131.0,75.0,26.7,0,0,1,0
28,118.0,76.0,24.1,0,1,1,0
58,132.0,77.0,25.0,0,0,0,0
70,155.0,83.0,24.0,0,0,1,0
26,110.0,78.0,28.3,0,0,1,0
63,159.0,84.0,26.6,1,1,0,1
28,118.0,74.0,20.2,1,0,1,0
64,139.0,88.0,20.0,0,0,1,0
45,136.0,76.0,25.0,0,0,1,0
20,121.0,75.0,21.8,0,1,3,0
77,143.0,81.0,20.6,0,0,0,0
29,122.0,79.0,23.7,0,0,1,0
55,136.0,80.0,22.9,0,1,0,0
30,114.0,75.0,24.1,0,0,1,0
75,150.0,84.0,26.1,0,0,0,1
64,153.0,78.0,22.4,0,0,0,0
68,145.0,82.0,26.3,0,1,1,1
45,142.0,79.0,21.8,1,0,1,0
48,134.0,82.0,22.1,0,0,0,0
58,123.0,78.0,22.3,0,0,1,0
67,154.0,79.0,27.7,1,1,2,1
70,134.0,74.0,23.7,0,1,2,0
21,108.0,62.0,26.2,0,0,2,0
59,163.0,88.0,29.3,1,0,2,1
26,114.0,66.0,20.1,0,1,0,0
37,116.0,76.0,16.0,0,0,2,0
69,151.0,83.0,27.6,0,0,2,1
35,113.0,73.0,21.7,0,0,0,0
67,137.0,84.0,21.8,0,0,1,0
47,138.0,78.0,21.6,0,0,0,0
33,120.0,60.0,21.4,0,0,1,0
40,112.0,73.0,26.9,0,0,0,0
51,135.0,80.0,24.0,0,0,1,0
65,136.0,89.0,28.1,0,1,5,0
56,146.0,87.0,25.3,0,0,1,1
75,150.0,82.0,23.8,1,0,2,1
72,152.0,81.0,23.4,0,1,0,0
65,153.0,73.0,25.9,0,0,2,1
56,127.0,87.0,26.3,0,1,0,0
37,121.0,79.0,25.8,0,0,3,0
44,130.0,78.0,22.4,0,1,0,0
27,109.0,73.0,22.9,0,0,0,0
42,127.0,82.0,24.9,0,0,2,0
75,153.0,95.0,23.6,1,0,1,1
45,135.0,87.0,19.8,1,0,1,0
26,116.0,74.0,19.9,0,0,2,0
59,136.0,78.0,23.2,0,1,2,1
77,148.0,88.0,26.8,0,1,0,1
72,138.0,87.0,28.4,0,0,1,0
36,117.0,73.0,18.7,0,1,2,0
47,137.0,80.0,21.6,1,1,2,1
51,140.0,88.0,22.5,1,1,1,1
34,127.0,87.0,25.1,1,1,2,1
36,124.0,70.0,21.2,0,1,1,0
34,116.0,77.0,21.4,1,0,2,0
79,142.0,87.0,20.7,0,1,1,1
64,136.0,83.0,25.7,0,1,0,0
70,135.0,80.0,24.0,0,0,0,1
68,164.0,96.0,22.4,1,0,0,1
77,146.0,86.0,24.1,0,0,2,1
26,127.0,79.0,25.7,1,1,1,1
72,139.0,92.0,21.6,0,0,1,0
23,124.0,74.0,19.6,1,1,1,0
48,119.0,77.0,27.2,0,1,1,0
55,132.0,72.0,24.0,0,1,2,1
41,127.0,79.0,25.1,1,0,0,0
28,115.0,65.0,23.6,0,1,2,0
31,98.0,76.0,22.4,0,1,0,0
69,132.0,84.0,23.4,0,0,0,0
39,135.0,73.0,25.4,0,1,2,0
38,129.0,74.0,26.4,0,0,2,0
75,156.0,88.0,28.0,0,0,0,0
28,128.0,66.0,18.8,0,0,0,0
74,160.0,90.0,28.6,1,0,1,1
75,141.0,87.0,23.7,0,0,1,0
55,125.0,70.0,21.5,0,0,2,0
29,127.0,76.0,21.9,0,0,1,0
29,118.0,64.0,24.9,0,0,1,0
37,142.0,74.0,24.5,0,0,1,0
54,139.0,78.0,22.9,1,0,2,1
29,143.0,84.0,25.0,1,1,2,1
47,127.0,71.0,23.8,0,1,1,0
26,126.0,63.0,20.6,0,0,1,0
52,145.0,79.0,21.5,0,1,0,0
21,104.0,68.0,23.3,0,0,1,0
62,133.0,73.0,23.9,0,1,2,0
23,106.0,73.0,18.0,0,0,3,0
31,109.0,63.0,25.1,0,1,0,0
30,123.0,67.0,21.1,0,1,0,0
69,140.0,79.0,29.2,0,1,4,1
23,114.0,75.0,17.9,0,0,1,0
45,131.0,83.0,22.7,0,0,0,0
55,118.0,84.0,21.7,0,0,1,0
50,140.0,77.0,20.6,0,1,2,0
60,133.0,68.0,22.5,0,1,3,0
68,145.0,84.0,29.7,0,1,1,1
43,131.0,83.0,23.6,0,0,0,0
69,162.0,93.0,22.1,1,0,2,1
39,123.0,77.0,17.5,0,0,0,0
79,140.0,84.0,19.8,1,0,2,1
50,140.0,80.0,21.9,1,0,3,1
64,140.0,91.0,22.3,0,0,1,0
72,135.0,76.0,23.9,0,1,1,0
67,141.0,76.0,17.5,0,0,1,1
71,150.0,92.0,24.3,1,0,1,1
52,120.0,76.0,26.7,0,0,3,0
22,129.0,70.0,27.0,1,1,3,1
49,125.0,85.0,17.8,0,1,0,0
30,115.0,75.0,20.1,0,0,1,0
73,140.0,81.0,22.1,0,0,1,0
34,130.0,68.0,23.1,0,0,0,0
33,119.0,83.0,19.0,0,0,1,0
34,121.0,73.0,27.7,0,0,1,0
58,131.0,86.0,24.0,0,0,0,0
54,146.0,88.0,23.3,1,1,0,1
76,156.0,81.0,29.6,0,0,1,1
44,132.0,73.0,23.2,0,1,0,0
36,127.0,81.0,24.0,0,0,0,0
22,128.0,83.0,19.8,1,1,1,0
20,101.0,61.0,17.9,0,1,0,0
42,128.0,83.0,21.3,1,1,2,1
75,143.0,83.0,31.3,0,0,1,1
51,125.0,73.0,25.4,0,0,1,0
73,135.0,85.0,25.5,0,1,1,0
26,101.0,65.0,19.4,0,1,3,0
25,114.0,74.0,25.0,1,0,1,0
70,140.0,79.0,20.4,0,0,1,0
26,115.0,69.0,17.6,0,0,1,0
23,117.0,75.0,20.5,1,1,1,0
44,137.0,76.0,29.1,1,1,0,1
75,152.0,97.0,30.4,1,0,2,1
61,145.0,83.0,22.7,0,0,1,1
25,114.0,80.0,20.2,0,0,0,0
70,158.0,87.0,19.6,1,0,1,1
70,144.0,80.0,24.7,0,0,1,0
68,130.0,91.0,24.9,0,1,2,1
74,154.0,86.0,27.1,1,0,0,1
34,111.0,73.0,25.4,0,0,2,0
78,146.0,88.0,24.3,0,0,1,0
39,127.0,74.0,24.6,1,0,0,0
68,144.0,86.0,22.3,0,0,1,1
54,122.0,81.0,25.3,0,0,1,0
66,140.0,88.0,22.8,0,0,0,0
57,139.0,84.0,25.2,0,1,1,0
58,142.0,86.0,25.0,0,0,1,0
56,137.0,83.0,24.0,1,0,4,1
66,150.0,82.0,26.7,1,0,1,1
64,140.0,92.0,19.5,0,1,1,1
28,129.0,64.0,19.2,0,0,0,0
69,140.0,80.0,23.6,1,1,0,1
52,124.0,81.0,19.3,0,1,1,0
39,146.0,83.0,21.7,0,1,2,1
50,128.0,78.0,22.4,0,0,1,0
78,132.0,89.0,28.8,0,1,2,1
71,138.0,73.0,25.0,0,0,0,0
70,120.0,80.0,27.6,0,0,1,0
47,130.0,67.0,24.3,0,0,0,0
67,147.0,86.0,22.7,0,0,1,0
43,119.0,68.0,23.6,0,0,1,0
61,133.0,74.0,26.2,0,0,1,0
58,142.0,82.0,27.5,0,0,1,0
34,106.0,79.0,22.3,0,0,0,0
35,110.0,73.0,17.8,0,0,1,0
23,112.0,74.0,17.0,0,1,2,0
28,111.0,75.0,21.4,0,0,0,0
46,125.0,75.0,16.3,0,0,0,0
48,129.0,77.0,28.8,1,0,0,0
29,119.0,75.0,24.2,0,0,1,0
45,136.0,84.0,21.3,1,0,2,0
56,148.0,88.0,20.5,1,0,1,1
33,121.0,75.0,25.7,0,0,1,0
40,126.0,69.0,19.7,0,0,1,0
42,124.0,84.0,20.0,1,0,2,1
50,134.0,77.0,21.2,0,0,1,0
41,122.0,73.0,23.4,0,0,1,0
64,137.0,80.0,26.1,0,0,0,0
39,132.0,71.0,26.5,0,0,1,0
46,122.0,81.0,26.4,0,0,0,0
42,146.0,73.0,23.1,1,0,3,1
30,140.0,73.0,25.6,1,0,1,0
61,143.0,79.0,22.0,0,0,2,1
34,113.0,82.0,17.2,0,0,2,0
37,105.0,80.0,20.8,0,1,4,0
67,159.0,79.0,21.9,1,0,0,1
76,146.0,91.0,22.9,0,0,0,1
60,140.0,92.0,21.1,1,0,2,1
74,164.0,83.0,23.3,1,1,0,1
71,136.0,70.0,26.4,0,0,0,0
48,125.0,77.0,28.5,0,0,2,0
66,154.0,92.0,19.1,1,1,3,1
39,114.0,83.0,19.1,0,0,3,0
47,127.0,72.0,21.0,0,1,2,0
52,150.0,92.0,25.9,1,0,1,1
77,148.0,73.0,24.2,0,0,1,1
70,152.0,81.0,22.3,0,0,1,0
49,138.0,75.0,25.6,0,0,2,0
59,135.0,86.0,26.8,0,1,0,0
32,111.0,84.0,22.5,1,0,0,0
68,132.0,87.0,22.0,0,1,2,1
53,138.0,71.0,24.5,0,0,0,0
51,118.0,82.0,22.9,0,0,0,0
65,146.0,89.0,23.5,1,1,0,1
57,137.0,71.0,22.3,0,0,2,0
24,136.0,66.0,25.0,1,1,1,0
37,118.0,79.0,23.6,0,0,1,0
30,123.0,77.0,25.6,1,1,3,1
64,148.0,80.0,28.2,1,0,1,1
22,126.0,74.0,23.5,1,0,1,0
32,128.0,80.0,21.1,1,1,0,0
55,141.0,78.0,26.9,0,0,0,1
61,140.0,77.0,25.4,1,0,1,0
50,131.0,87.0,31.3,0,0,1,0
71,146.0,88.0,25.5,0,1,2,1
75,152.0,87.0,26.8,1,0,1,1
27,133.0,75.0,23.2,1,1,1,1
77,147.0,86.0,24.6,0,1,1,1
56,140.0,73.0,23.0,0,0,1,0
58,136.0,81.0,24.8,0,0,2,0
25,118.0,65.0,23.8,0,1,0,0
57,129.0,79.0,27.3,0,0,0,0
63,133.0,75.0,25.1,0,0,0,0
54,142.0,73.0,22.3,0,1,0,1
25,120.0,79.0,21.3,0,0,1,0
51,132.0,83.0,19.6,1,0,1,0
76,147.0,85.0,29.8,0,1,0,1
63,129.0,76.0,22.5,1,0,1,0
28,112.0,69.0,25.3,0,0,1,0
77,154.0,87.0,25.7,0,0,2,1
77,145.0,85.0,25.8,0,1,2,1
30,119.0,62.0,22.1,0,1,3,0
68,127.0,88.0,22.0,1,0,1,0
44,123.0,78.0,20.3,0,0,1,0
55,136.0,85.0,28.9,0,0,0,0
46,141.0,78.0,23.6,1,0,0,1
66,157.0,75.0,27.7,1,0,1,0
79,146.0,80.0,29.1,0,1,0,1
67,139.0,76.0,23.1,0,0,0,0
75,134.0,87.0,26.0,0,1,1,0
76,144.0,70.0,24.9,0,0,0,0
25,105.0,69.0,18.8,0,0,1,0
35,106.0,81.0,22.2,0,0,3,0
63,139.0,86.0,25.9,1,0,1,0
55,145.0,83.0,22.3,0,1,0,1
23,112.0,63.0,21.2,0,1,0,0
25,117.0,63.0,21.7,0,1,0,0
51,136.0,90.0,29.9,1,0,1,0
56,119.0,80.0,18.3,0,1,0,0
30,135.0,78.0,24.0,1,0,1,0
30,111.0,72.0,21.7,1,1,0,0
27,112.0,72.0,20.4,0,0,0,0
53,131.0,73.0,22.8,0,0,0,0
20,114.0,76.0,24.0,0,0,0,0
54,127.0,92.0,25.9,0,0,2,0
48,124.0,84.0,24.0,1,0,1,0
47,122.0,74.0,26.6,0,1,1,0
60,140.0,72.0,27.8,1,1,0,1
51,124.0,69.0,26.0,0,1,1,1
63,146.0,89.0,22.5,0,0,0,0
65,129.0,76.0,25.7,0,0,0,0
75,147.0,82.0,26.2,0,0,1,0
67,141.0,85.0,21.9,0,0,1,0
51,138.0,85.0,18.8,0,0,1,0
49,128.0,76.0,17.4,0,0,0,0
34,127.0,71.0,22.9,0,0,2,0
55,132.0,79.0,24.6,0,0,0,0
28,130.0,74.0,18.9,1,0,4,0
75,133.0,81.0,27.9,0,1,1,0
70,121.0,85.0,25.0,0,0,2,0
27,119.0,73.0,26.4,0,1,2,0
67,144.0,92.0,25.5,0,0,1,1
27,120.0,74.0,19.2,0,1,5,1
63,134.0,87.0,25.5,0,1,1,0
25,137.0,71.0,24.3,1,1,2,1
49,126.0,80.0,21.8,0,1,2,0
59,139.0,76.0,19.6,0,1,2,1
63,143.0,83.0,24.5,0,0,0,0
45,141.0,80.0,20.2,0,0,2,0
75,142.0,84.0,28.1,0,0,1,1
66,134.0,94.0,23.1,0,0,2,1
32,107.0,80.0,27.8,0,0,3,0
60,148.0,86.0,17.6,0,0,0,1
63,151.0,90.0,24.6,1,0,0,0
40,128.0,84.0,27.3,0,0,2,0
64,173.0,79.0,21.5,1,0,1,1
73,146.0,90.0,24.2,0,0,2,1
69,131.0,77.0,23.2,0,1,0,0
65,147.0,83.0,22.2,1,1,0,1
58,127.0,82.0,24.6,0,0,1,0
36,128.0,85.0,18.9,1,0,1,0
67,137.0,76.0,24.0,0,0,1,0
41,120.0,73.0,24.6,0,0,0,0
51,129.0,83.0,22.9,1,1,2,1
38,136.0,74.0,19.9,0,0,0,0
38,125.0,79.0,26.0,0,1,2,0
29,116.0,89.0,24.6,0,0,0,0
77,152.0,86.0,21.7,0,1,0,1
28,131.0,73.0,18.5,1,0,2,0
25,117.0,65.0,19.4,0,0,1,0
76,151.0,82.0,26.4,0,1,1,1
53,143.0,79.0,24.5,1,0,0,1
46,133.0,79.0,25.7,0,1,1,0
64,144.0,83.0,23.2,0,0,3,0
42,127.0,73.0,20.3,0,0,1,0
27,114.0,82.0,25.1,0,0,2,0
63,150.0,77.0,22.5,0,1,0,1
30,114.0,72.0,23.1,0,0,3,0
53,135.0,81.0,19.0,0,1,3,1
76,149.0,88.0,23.1,0,1,3,1
76,141.0,90.0,27.8,0,1,1,0
41,128.0,82.0,20.9,1,0,1,0
66,137.0,87.0,26.7,0,1,0,0
56,130.0,76.0,16.8,0,1,4,0
48,127.0,87.0,21.7,1,0,1,0
28,112.0,77.0,21.9,0,0,0,0
42,127.0,83.0,28.3,0,0,1,0
59,146.0,71.0,20.4,0,0,2,1
79,152.0,80.0,27.0,0,1,0,1
20,101.0,79.0,25.2,1,0,1,0
63,153.0,72.0,22.0,1,0,1,0
70,138.0,85.0,23.4,0,0,2,0
77,150.0,90.0,25.3,0,0,0,0
45,127.0,73.0,18.8,0,0,1,0
27,115.0,70.0,21.0,0,1,0,0
36,121.0,69.0,26.6,0,0,2,0
71,142.0,80.0,26.1,0,0,2,1
72,154.0,81.0,24.1,0,1,1,0
58,135.0,76.0,24.2,0,0,1,0
27,125.0,68.0,24.1,0,0,1,0
27,124.0,70.0,24.7,0,0,1,0
48,134.0,76.0,21.7,0,1,1,0
55,119.0,88.0,28.4,0,1,2,1
21,132.0,73.0,26.0,1,0,0,0
61,133.0,82.0,26.1,0,0,0,0
52,147.0,80.0,21.1,1,0,1,1
20,104.0,67.0,18.9,0,0,1,0
25,116.0,68.0,21.3,1,0,0,0
47,144.0,69.0,23.5,0,1,2,0
63,130.0,75.0,18.8,0,1,1,0
69,151.0,83.0,25.9,0,0,1,0
45,128.0,82.0,27.1,0,1,2,0
37,119.0,65.0,24.6,0,1,5,0
78,146.0,82.0,22.9,0,0,1,0
47,128.0,75.0,21.0,1,0,1,0
38,123.0,73.0,23.8,0,1,1,0
46,119.0,82.0,22.8,0,0,1,0
20,109.0,68.0,23.3,0,1,1,0
38,130.0,74.0,24.7,0,0,0,0
50,132.0,85.0,26.8,0,0,4,0
75,133.0,86.0,21.4,0,1,1,0
64,145.0,77.0,24.9,0,0,1,0
66,150.0,87.0,23.2,1,0,0,1
52,137.0,79.0,23.3,1,0,2,1
26,122.0,74.0,24.9,0,0,2,0
43,124.0,78.0,26.1,0,0,1,0
79,148.0,83.0,29.1,1,0,0,1
22,138.0,76.0,23.4,1,0,1,0
72,143.0,82.0,24.3,0,0,0,1
61,146.0,88.0,23.3,1,0,1,1
37,129.0,83.0,17.6,1,1,2,0
66,159.0,89.0,28.3,1,0,1,1
70,138.0,81.0,23.5,0,0,1,0
22,101.0,75.0,23.6,0,0,1,0
26,110.0,67.0,24.3,0,0,1,0
59,146.0,73.0,20.2,0,1,0,0
79,154.0,69.0,22.2,0,0,1,0
21,111.0,70.0,26.7,0,0,1,0
59,146.0,76.0,24.8,0,1,0,1
28,123.0,74.0,20.7,0,1,1,0
59,143.0,75.0,23.6,1,1,3,1
57,133.0,76.0,27.1,0,1,2,1
25,118.0,74.0,25.1,0,1,1,0
60,139.0,80.0,19.6,1,0,1,0
73,154.0,90.0,29.6,1,0,0,1
71,155.0,85.0,27.4,1,0,1,1
21,109.0,75.0,21.6,1,0,0,0
34,129.0,81.0,19.1,1,0,0,0
34,118.0,78.0,25.9,0,0,0,0
47,136.0,77.0,24.8,0,1,1,0
28,102.0,68.0,18.0,0,1,2,0
71,140.0,80.0,23.9,0,1,0,0
66,146.0,90.0,33.7,1,0,2,1
68,148.0,77.0,24.4,0,0,0,0
31,118.0,72.0,20.3,0,0,1,0
20,126.0,68.0,19.0,0,0,1,0
74,150.0,83.0,30.0,0,1,1,1
37,119.0,69.0,25.4,0,1,0,0
59,137.0,70.0,28.2,0,1,0,0
74,152.0,91.0,25.4,1,1,1,1
22,120.0,75.0,25.9,0,1,0,0
20,111.0,66.0,19.5,1,0,1,0
20,105.0,72.0,22.5,0,0,0,0
29,121.0,78.0,23.3,0,0,1,0
23,124.0,74.0,26.3,0,0,0,0
69,134.0,85.0,25.4,1,0,2,1
56,145.0,74.0,21.9,0,0,2,0
78,156.0,90.0,25.1,1,1,2,1
68,126.0,83.0,19.4,0,0,1,0
77,122.0,85.0,17.9,0,1,0,0
34,118.0,78.0,25.2,1,1,3,1
37,122.0,69.0,21.7,0,0,1,0
70,141.0,85.0,23.7,0,1,3,1
34,135.0,81.0,25.2,1,0,0,0
23,109.0,72.0,26.3,0,0,0,0
60,127.0,81.0,25.6,0,0,1,0
68,137.0,90.0,30.2,0,1,2,1
78,147.0,81.0,26.4,0,0,1,0
75,157.0,95.0,25.7,1,0,0,1
27,120.0,73.0,23.1,1,1,2,0
66,147.0,87.0,20.4,0,1,0,1
70,147.0,94.0,27.4,1,0,1,1
61,130.0,79.0,16.7,0,0,1,0
69,137.0,91.0,22.7,0,0,0,0
70,151.0,85.0,24.6,0,1,1,1
46,137.0,77.0,20.9,1,0,0,0
22,108.0,69.0,20.7,0,0,2,0
47,136.0,82.0,28.9,0,0,0,0
32,136.0,78.0,25.9,0,0,4,0
26,127.0,71.0,20.2,1,0,1,0
27,126.0,71.0,20.9,0,0,3,0
61,145.0,81.0,20.2,0,0,0,0
50,125.0,75.0,25.6,0,0,1,0
52,131.0,90.0,22.9,0,0,2,0
64,128.0,82.0,18.3,0,0,0,0
52,130.0,78.0,23.9,0,1,3,1
57,129.0,85.0,25.2,0,1,1,0
25,112.0,69.0,25.1,0,0,1,0
71,147.0,93.0,24.3,1,1,3,1
46,125.0,68.0,22.2,0,0,0,0
29,122.0,70.0,28.4,0,0,1,0
68,150.0,92.0,24.4,1,1,1,1
64,123.0,89.0,26.4,0,1,1,0
23,108.0,67.0,20.5,0,1,2,1
31,116.0,73.0,24.6,1,0,2,1
20,114.0,73.0,17.6,0,1,0,0
36,126.0,71.0,21.4,0,0,1,0
25,127.0,75.0,18.6,1,0,2,1
62,131.0,85.0,22.3,0,0,3,0
51,133.0,75.0,27.3,0,1,1,1
78,143.0,75.0,23.1,0,0,0,0
64,129.0,74.0,26.4,0,1,1,0
56,140.0,79.0,28.4,0,0,0,0
50,137.0,68.0,23.4,0,1,1,0
23,131.0,74.0,25.1,1,1,1,0
24,120.0,69.0,23.8,1,1,1,0
56,153.0,92.0,24.1,1,0,2,1
20,108.0,81.0,24.3,0,0,1,0
22,118.0,65.0,27.6,0,0,1,0
33,116.0,75.0,20.7,0,0,1,0
73,142.0,78.0,21.8,0,0,2,1
47,119.0,80.0,20.3,1,0,1,0
62,135.0,90.0,27.1,0,0,0,0
44,127.0,74.0,26.6,0,0,2,0
30,125.0,76.0,20.9,1,0,2,1
42,139.0,71.0,16.7,0,1,1,0
25,106.0,77.0,20.2,0,0,0,0
66,135.0,65.0,25.9,0,1,1,0
31,111.0,71.0,22.3,0,1,3,0
42,131.0,80.0,23.6,1,0,2,0
78,155.0,81.0,23.3,0,1,2,1
55,155.0,88.0,26.8,1,0,2,1
47,133.0,88.0,24.4,1,1,2,1
52,135.0,76.0,25.4,1,0,1,0
67,131.0,92.0,24.8,0,0,0,0
35,131.0,67.0,24.3,0,0,0,0
58,154.0,91.0,25.3,1,0,0,1
72,142.0,84.0,21.8,0,1,3,1
54,121.0,76.0,24.8,0,1,3,0
46,127.0,79.0,25.7,1,1,0,0
28,118.0,72.0,25.9,0,1,2,1
34,135.0,80.0,23.9,1,1,1,0
76,139.0,84.0,21.9,1,0,0,0
52,129.0,77.0,21.2,0,1,2,1
38,136.0,71.0,21.6,0,0,2,0
45,135.0,75.0,23.8,1,0,2,0
54,144.0,74.0,23.3,0,0,2,1
52,136.0,72.0,20.2,0,1,0,0
61,138.0,83.0,20.7,1,0,2,1
35,119.0,76.0,16.5,0,0,0,0
58,134.0,80.0,16.0,0,0,1,0
46,120.0,86.0,22.9,0,0,0,0
76,138.0,73.0,31.8,0,0,4,0
29,129.0,75.0,27.8,0,1,1,0
28,109.0,72.0,19.5,0,1,0,0
47,137.0,81.0,23.8,0,0,3,0
50,127.0,81.0,19.1,0,0,4,0
61,146.0,84.0,20.1,1,0,4,1
44,141.0,82.0,19.6,1,0,0,1
74,140.0,80.0,24.0,0,0,0,0
48,133.0,80.0,22.9,0,1,3,1
27,100.0,62.0,23.1,0,0,1,0
27,120.0,76.0,24.3,0,0,1,0
78,127.0,84.0,23.9,0,0,1,0
28,125.0,75.0,22.5,1,0,1,0
76,162.0,88.0,21.5,1,0,0,1
36,127.0,73.0,18.8,0,1,0,0
25,115.0,83.0,17.8,1,1,3,1
38,123.0,96.0,24.8,1,1,1,0
56,128.0,85.0,22.8,0,1,1,0
45,128.0,73.0,17.6,0,0,3,0
67,124.0,85.0,24.2,0,1,1,0
56,143.0,87.0,20.1,1,0,0,1
44,129.0,71.0,28.2,0,0,2,0
58,133.0,73.0,22.2,0,0,0,0
78,161.0,89.0,26.9,1,0,4,1
44,128.0,80.0,26.5,0,0,4,0
29,123.0,69.0,19.6,1,0,2,1
44,111.0,72.0,23.4,0,1,0,0
70,153.0,90.0,26.2,1,1,2,1
33,122.0,78.0,23.0,1,0,2,0
76,141.0,91.0,25.9,0,0,1,1
55,147.0,77.0,19.8,1,1,2,1
56,145.0,91.0,25.5,0,0,3,1
39,123.0,67.0,21.5,0,0,2,0
75,149.0,74.0,25.8,0,0,2,1
22,112.0,75.0,24.9,1,0,1,0
37,124.0,69.0,24.9,0,0,0,0
45,127.0,76.0,24.3,0,1,1,0
48,139.0,77.0,25.3,0,1,3,0
48,124.0,76.0,25.5,0,1,1,0
28,115.0,68.0,26.9,0,0,1,0
33,128.0,75.0,22.5,0,1,2,1
25,114.0,70.0,22.7,0,1,0,0
54,134.0,89.0,26.5,1,0,1,0
41,145.0,74.0,21.6,0,0,1,0
53,123.0,73.0,19.6,0,0,2,0
55,142.0,75.0,25.2,1,0,0,1
62,140.0,80.0,23.5,0,0,1,0
52,133.0,72.0,20.0,0,0,0,0
58,133.0,73.0,25.4,0,0,1,0
55,142.0,86.0,28.0,1,0,2,1
59,134.0,71.0,19.1,0,0,0,0
56,135.0,91.0,26.9,1,1,3,1
38,140.0,75.0,16.0,0,0,0,0
34,119.0,73.0,21.5,0,0,0,0
67,155.0,82.0,29.9,1,0,2,1
40,121.0,79.0,22.0,0,1,1,0
52,128.0,78.0,23.9,0,0,1,0
31,115.0,69.0,24.8,0,1,3,0
45,125.0,82.0,18.1,1,0,2,1
51,129.0,69.0,23.8,0,0,0,0
57,131.0,71.0,24.0,0,0,1,0
51,140.0,72.0,29.1,0,0,0,0
41,115.0,77.0,19.3,0,1,0,0
77,142.0,84.0,23.7,0,1,0,0
50,123.0,83.0,20.7,0,0,1,0
68,152.0,77.0,21.3,0,1,0,1
64,131.0,84.0,27.6,0,0,1,0
53,146.0,83.0,23.7,1,0,1,1
73,162.0,84.0,23.0,1,0,3,1
27,115.0,74.0,20.8,0,0,0,0
75,134.0,83.0,23.1,0,1,0,1
71,132.0,80.0,23.1,0,0,1,0
50,147.0,83.0,19.7,1,0,2,1
64,138.0,85.0,23.4,1,0,1,0
51,144.0,82.0,22.5,1,0,1,1
36,123.0,72.0,20.5,0,0,2,0
67,143.0,75.0,24.8,0,1,1,1
34,124.0,74.0,23.4,0,0,0,0
38,115.0,70.0,21.2,0,0,3,0
51,123.0,73.0,23.1,0,0,1,0
70,148.0,81.0,31.0,0,0,0,0
43,131.0,84.0,29.5,1,0,1,0
49,107.0,78.0,20.3,0,1,1,0
22,118.0,68.0,19.4,0,1,0,0
26,117.0,74.0,19.1,1,0,4,0
23,118.0,74.0,25.3,0,1,1,0
24,136.0,64.0,21.0,1,0,1,0
72,143.0,87.0,25.3,0,0,1,0
70,160.0,78.0,30.5,1,1,3,1
69,143.0,75.0,24.4,0,1,1,1
23,126.0,68.0,24.3,0,1,1,0
24,106.0,82.0,23.8,0,0,0,0
36,122.0,82.0,21.0,0,0,1,0
53,137.0,82.0,26.8,0,0,1,0
40,122.0,77.0,20.5,0,0,3,1
49,139.0,68.0,27.5,0,1,1,0
30,125.0,78.0,20.7,1,0,0,0
63,154.0,78.0,22.7,0,0,0,1
38,140.0,70.0,19.6,0,0,1,0
23,116.0,72.0,19.4,0,0,1,0
64,153.0,84.0,22.9,1,0,1,1
74,154.0,88.0,17.4,0,0,0,1
20,103.0,60.0,21.3,0,0,1,0
46,127.0,82.0,21.8,1,0,1,0
69,151.0,78.0,26.8,0,0,1,0
62,149.0,83.0,25.4,1,0,0,1
71,141.0,84.0,22.4,0,1,0,1
44,126.0,70.0,21.8,0,0,1,0
42,106.0,76.0,22.4,0,0,1,0
62,146.0,84.0,28.6,1,0,1,1
29,111.0,69.0,20.0,0,1,2,0
34,128.0,71.0,20.5,0,1,0,0
56,142.0,78.0,20.4,0,0,3,1
60,141.0,76.0,19.6,0,0,1,0
27,119.0,72.0,23.3,0,0,0,0
50,118.0,76.0,24.1,0,1,2,0
41,129.0,72.0,26.9,0,0,1,0
50,135.0,85.0,26.6,0,0,1,0
77,156.0,86.0,32.0,0,1,0,1
24,131.0,69.0,22.0,0,1,2,0
79,134.0,85.0,24.2,0,0,0,0
46,124.0,71.0,19.4,0,0,4,0
66,134.0,79.0,26.4,0,0,4,0
45,128.0,75.0,23.6,0,0,0,0
38,123.0,68.0,24.9,0,0,1,0
66,138.0,83.0,20.9,0,1,0,0
61,145.0,78.0,25.1,0,1,2,1
28,108.0,70.0,23.0,0,0,4,0
62,129.0,78.0,24.5,0,0,1,0
65,141.0,101.0,22.2,1,0,0,0
43,123.0,72.0,26.7,0,0,0,0
75,145.0,78.0,30.9,1,1,5,1
58,134.0,72.0,20.6,0,0,3,0
40,123.0,79.0,25.2,0,0,0,0
20,106.0,77.0,16.0,0,0,1,0
60,153.0,82.0,26.0,1,0,1,0
32,119.0,79.0,17.0,0,0,0,0
65,148.0,85.0,22.7,0,1,0,0
51,129.0,77.0,19.6,0,1,3,0
48,129.0,76.0,22.8,0,0,0,0
29,113.0,73.0,25.0,0,1,1,0
62,137.0,85.0,18.5,0,0,0,0
29,123.0,74.0,21.4,0,1,3,1
45,134.0,78.0,21.7,1,0,1,0
70,146.0,82.0,29.2,0,0,0,1
75,138.0,94.0,26.0,0,1,1,1
79,163.0,91.0,21.4,1,0,2,1
77,142.0,89.0,23.4,0,0,0,0
53,139.0,81.0,28.3,0,0,0,0
32,120.0,74.0,24.7,0,0,0,0
70,154.0,83.0,21.7,0,0,3,1
68,132.0,86.0,23.6,0,0,1,0
79,136.0,88.0,24.2,0,1,1,0
59,140.0,86.0,22.3,1,0,2,1
28,106.0,69.0,17.3,0,0,0,0
50,119.0,79.0,21.5,0,0,0,0
46,133.0,76.0,27.5,0,1,1,0
70,142.0,81.0,23.4,0,0,0,0
43,132.0,94.0,22.8,1,0,0,1
39,120.0,67.0,23.4,0,0,2,0
24,110.0,76.0,28.9,0,1,1,0
70,155.0,78.0,24.5,0,1,1,0
65,133.0,82.0,27.5,0,0,0,0
22,103.0,83.0,20.3,0,1,1,0
46,144.0,77.0,22.5,1,0,0,0
48,127.0,73.0,23.4,0,0,2,0
48,155.0,82.0,21.1,1,0,1,0
75,141.0,80.0,24.1,0,0,0,1
29,134.0,82.0,25.1,1,0,0,0
38,141.0,77.0,20.5,1,0,3,0
30,124.0,81.0,22.5,1,0,0,0
34,114.0,67.0,24.8,0,0,2,0
74,150.0,74.0,22.2,0,0,1,0
76,150.0,83.0,28.1,0,1,3,1
22,102.0,63.0,22.3,0,1,1,0
57,125.0,87.0,23.4,0,0,1,0
33,110.0,71.0,16.6,1,0,0,0
31,133.0,73.0,21.4,1,0,1,0
37,120.0,76.0,24.0,0,0,2,0
31,117.0,70.0,27.8,0,0,1,0
49,126.0,75.0,25.2,1,0,1,0
79,149.0,100.0,28.3,1,1,0,1
55,129.0,74.0,20.1,0,0,1,0
63,132.0,80.0,23.8,0,0,1,0
49,140.0,81.0,27.1,1,0,1,0
20,117.0,74.0,19.3,0,1,0,0
25,133.0,74.0,25.1,0,0,1,0
36,131.0,75.0,25.0,1,1,0,0
34,139.0,77.0,23.5,1,0,2,1
70,145.0,86.0,23.5,1,0,1,1
70,139.0,91.0,21.5,1,0,1,0
71,140.0,77.0,29.9,0,0,0,0
58,122.0,90.0,25.8,0,1,1,0
53,132.0,74.0,24.7,0,0,0,0
58,129.0,79.0,22.7,0,1,0,0
44,111.0,70.0,23.3,0,0,2,0
60,150.0,74.0,24.5,0,1,1,1
67,136.0,77.0,25.5,0,1,4,0
65,126.0,76.0,26.5,0,0,0,0
56,141.0,77.0,21.5,0,0,1,1
23,108.0,66.0,17.8,0,1,1,0
63,147.0,84.0,24.4,0,0,0,0
41,119.0,71.0,17.8,0,1,3,0
64,144.0,82.0,23.2,1,0,3,1
52,134.0,76.0,22.1,0,0,1,0
72,148.0,88.0,26.1,0,0,2,1
40,140.0,81.0,28.9,1,1,1,1
75,144.0,83.0,18.9,0,1,2,1
70,146.0,75.0,31.3,0,0,1,1
39,129.0,69.0,22.3,0,1,1,0
48,130.0,71.0,24.4,0,1,2,1
51,129.0,84.0,19.3,0,0,0,0
66,128.0,84.0,27.3,0,0,2,0
61,141.0,76.0,24.2,0,1,3,1
71,143.0,80.0,24.4,0,0,0,0
42,122.0,71.0,17.3,0,0,1,0
50,140.0,73.0,23.7,0,1,2,0
45,126.0,84.0,25.8,1,0,2,0
74,158.0,82.0,24.0,0,1,1,0
38,123.0,85.0,26.4,0,1,0,0
55,136.0,85.0,27.1,0,1,0,1
27,113.0,78.0,20.4,0,0,1,0
71,129.0,86.0,29.3,0,0,0,0
43,135.0,79.0,23.3,1,0,0,0
40,137.0,83.0,23.1,1,0,1,0
54,138.0,77.0,24.0,0,1,1,0
49,128.0,85.0,23.7,0,0,1,0
70,134.0,90.0,16.6,1,0,0,0
51,118.0,79.0,23.0,0,0,2,0
51,147.0,78.0,19.5,0,0,1,0
26,107.0,80.0,27.2,0,0,0,0
21,124.0,63.0,26.8,0,0,1,0
43,118.0,85.0,25.7,0,1,1,0
79,146.0,84.0,24.2,0,0,1,0
75,160.0,82.0,21.7,1,1,1,1
57,128.0,75.0,21.9,0,1,3,1
57,147.0,71.0,29.7,0,0,1,1
43,126.0,79.0,21.1,0,1,1,0
30,122.0,67.0,16.0,0,0,3,0
20,110.0,71.0,25.1,0,0,0,0
40,129.0,81.0,27.5,0,0,1,0
38,135.0,71.0,27.9,0,0,0,0
31,118.0,71.0,25.7,0,1,3,0
35,135.0,67.0,26.4,0,1,1,0
21,108.0,68.0,22.2,0,1,1,0
56,140.0,92.0,17.6,0,0,3,1
75,149.0,88.0,24.8,0,0,1,0
61,138.0,84.0,25.9,1,1,1,1
46,139.0,78.0,22.9,1,0,0,0
45,127.0,76.0,22.7,0,0,2,0
38,116.0,75.0,20.0,0,0,0,0
28,120.0,70.0,19.4,0,0,1,0
55,134.0,81.0,29.3,0,0,0,0
53,131.0,73.0,29.3,0,0,1,0
20,111.0,65.0,22.0,0,0,1,0
44,126.0,78.0,24.0,0,0,0,0
36,119.0,68.0,19.9,0,0,1,0
30,119.0,76.0,24.4,0,0,2,1
62,132.0,80.0,29.4,0,0,1,0
51,162.0,74.0,19.0,1,1,1,1
58,134.0,85.0,25.3,1,0,2,1
62,133.0,72.0,25.7,0,1,2,1
78,153.0,93.0,26.5,1,1,4,1
68,157.0,81.0,29.3,0,0,3,1
57,134.0,94.0,30.0,1,1,1,1
72,157.0,93.0,23.9,1,1,1,1
48,131.0,72.0,25.4,0,0,0,0
79,160.0,80.0,25.2,1,0,1,1
65,159.0,82.0,22.4,1,0,2,1
59,155.0,79.0,24.8,1,1,1,1
74,151.0,98.0,26.7,1,1,2,1
50,132.0,77.0,24.2,0,1,2,0
63,123.0,85.0,21.5,0,1,2,1
37,133.0,78.0,21.5,1,0,0,0
77,140.0,83.0,23.5,0,1,2,0
57,133.0,79.0,21.3,0,0,1,0
66,126.0,87.0,25.2,0,1,2,1
47,131.0,78.0,24.6,0,0,0,0
72,130.0,78.0,27.5,0,0,2,0
24,116.0,79.0,19.6,0,1,2,0
26,106.0,70.0,20.6,0,1,1,0
50,123.0,75.0,28.2,0,0,0,0
63,157.0,72.0,23.7,1,0,4,1
68,146.0,85.0,24.5,0,0,0,0
46,137.0,77.0,22.8,0,1,3,0
58,147.0,80.0,27.3,0,0,4,1
53,136.0,81.0,27.2,1,0,0,1
77,158.0,81.0,28.2,0,0,1,0
59,124.0,78.0,24.0,0,0,2,1
45,133.0,79.0,20.6,0,0,1,0
78,143.0,88.0,30.7,0,0,1,1
26,108.0,70.0,24.9,0,1,2,0
79,162.0,94.0,23.6,1,1,0,1
29,125.0,72.0,26.7,0,1,3,0
37,130.0,72.0,21.2,0,0,2,0
69,153.0,88.0,28.7,1,0,0,1
64,139.0,74.0,28.6,0,1,0,1
78,161.0,91.0,22.1,1,1,1,1
64,141.0,73.0,25.9,0,0,2,1
58,139.0,74.0,26.2,0,1,2,1
40,136.0,70.0,30.8,1,1,1,1
20,119.0,69.0,19.8,0,1,0,0
27,103.0,80.0,26.6,0,1,1,0
37,131.0,79.0,22.9,1,0,0,0
22,102.0,74.0,18.4,0,0,1,0
50,132.0,89.0,23.1,0,0,0,0
66,153.0,84.0,24.3,0,0,3,1
77,142.0,80.0,21.7,0,1,2,1
49,130.0,74.0,24.4,0,0,0,0
72,149.0,83.0,27.5,0,0,0,0
79,141.0,87.0,25.7,1,1,1,0
71,138.0,80.0,22.9,0,1,2,1
47,131.0,82.0,22.9,0,1,1,0
39,110.0,85.0,22.9,1,0,0,0
78,139.0,76.0,25.6,0,1,3,0
34,139.0,74.0,26.0,1,0,0,0
44,134.0,74.0,24.0,0,0,1,0
24,127.0,79.0,18.0,1,0,2,0
67,147.0,87.0,22.7,0,0,2,1
58,137.0,93.0,24.4,0,1,0,1
25,129.0,74.0,25.6,1,0,0,1
33,117.0,71.0,26.5,0,0,0,0
53,133.0,81.0,29.0,0,1,1,1
52,126.0,75.0,24.0,0,1,0,0
68,151.0,81.0,26.7,0,0,1,0
35,133.0,72.0,18.4,0,1,0,0
75,156.0,71.0,26.0,0,1,2,1
46,124.0,77.0,20.1,0,1,1,0
69,134.0,81.0,24.3,0,1,2,1
34,131.0,80.0,31.8,0,1,3,1
22,118.0,71.0,23.0,0,1,0,0
23,116.0,64.0,19.6,0,0,2,0
42,120.0,74.0,24.3,0,0,1,0
77,150.0,74.0,23.3,0,0,0,0
22,105.0,64.0,19.2,0,1,1,0
42,130.0,79.0,29.4,0,0,2,0
26,127.0,70.0,25.5,0,1,2,0
75,158.0,88.0,25.8,0,0,0,0
60,142.0,70.0,22.8,0,0,2,1
65,128.0,80.0,23.3,0,0,2,0
62,139.0,78.0,28.7,0,0,3,0
59,163.0,90.0,24.9,1,0,3,1
66,133.0,85.0,16.0,0,0,0,0
20,112.0,73.0,29.3,0,1,2,1
71,154.0,90.0,25.1,0,0,1,0
64,143.0,79.0,25.2,0,0,2,1
64,158.0,88.0,27.5,0,0,2,1
43,120.0,71.0,24.5,0,0,1,0
68,133.0,77.0,26.6,0,0,1,0
42,135.0,79.0,21.8,0,1,2,1
22,114.0,68.0,18.4,1,1,1,1
74,153.0,91.0,25.5,1,0,1,1
34,120.0,74.0,27.0,0,0,1,0
26,124.0,77.0,20.4,0,0,1,0
57,149.0,84.0,21.7,1,0,3,1
34,124.0,74.0,26.4,0,1,1,0
71,149.0,90.0,23.2,1,0,2,1
46,137.0,73.0,22.1,0,1,0,0
20,154.0,71.0,20.9,1,0,0,1
77,162.0,92.0,24.7,1,0,1,1
50,131.0,77.0,18.8,0,0,2,0
35,111.0,72.0,21.1,0,0,0,0
60,131.0,80.0,24.7,0,1,1,0
51,129.0,86.0,24.2,0,0,1,0
21,108.0,68.0,25.5,0,1,0,0
65,149.0,84.0,29.8,1,1,2,1
44,141.0,67.0,27.7,0,0,0,1
61,147.0,80.0,26.8,0,0,1,1
73,153.0,92.0,24.2,1,0,0,1
56,124.0,83.0,21.9,0,0,2,0
60,147.0,81.0,24.1,0,1,1,1
35,131.0,84.0,24.5,1,0,0,0
34,107.0,77.0,25.2,0,1,1,0
44,132.0,82.0,25.1,0,0,2,0
71,151.0,88.0,24.2,0,0,2,0
51,121.0,91.0,25.9,1,1,1,1
40,117.0,74.0,26.8,0,0,2,0
66,139.0,75.0,26.9,0,1,1,0
71,148.0,86.0,24.5,0,0,1,0
74,140.0,87.0,22.2,0,1,0,0
37,126.0,87.0,20.3,1,1,2,1
62,143.0,87.0,22.1,0,1,1,1
55,139.0,93.0,24.5,1,0,1,1
46,132.0,80.0,24.9,0,1,0,0
43,117.0,77.0,18.9,0,0,2,0
26,115.0,70.0,20.8,1,1,1,0
36,128.0,76.0,23.5,0,0,3,0
52,133.0,75.0,20.9,0,0,2,0
73,161.0,89.0,26.0,1,0,1,1
71,138.0,83.0,23.6,0,0,5,1
31,112.0,75.0,20.4,0,0,0,0
60,157.0,85.0,24.2,1,1,1,1
25,103.0,76.0,23.4,0,0,0,0
60,146.0,66.0,21.5,0,1,3,1
40,135.0,76.0,22.3,0,0,2,0
46,134.0,83.0,24.7,0,1,2,1
63,132.0,90.0,21.9,0,1,0,0
45,120.0,80.0,18.3,0,0,0,0
68,139.0,90.0,19.8,0,1,1,1
52,121.0,79.0,22.3,0,1,0,0
79,140.0,85.0,21.0,0,1,0,1
58,140.0,82.0,22.9,0,0,0,0
37,127.0,74.0,27.8,0,0,1,0
66,131.0,78.0,20.2,0,1,1,0
44,132.0,73.0,22.4,0,0,0,0
52,135.0,72.0,30.0,0,1,0,0
28,139.0,80.0,23.6,1,0,1,0
27,121.0,72.0,21.2,0,1,1,0
54,141.0,77.0,23.2,0,0,1,0
31,132.0,75.0,23.8,1,0,2,1
79,155.0,87.0,30.0,0,1,0,1
71,132.0,87.0,23.0,0,1,1,0
62,136.0,75.0,21.8,0,1,0,0
64,138.0,75.0,20.1,0,1,1,0
55,131.0,84.0,24.1,0,0,3,0
23,117.0,64.0,17.9,0,0,2,0
43,131.0,78.0,21.8,0,0,3,0
49,143.0,90.0,20.7,1,0,0,0
74,153.0,97.0,27.9,1,0,2,1
33,114.0,77.0,21.1,0,1,0,0
49,138.0,81.0,24.6,0,0,1,0
40,127.0,86.0,18.2,0,0,1,0
28,119.0,65.0,22.8,1,0,0,0
26,114.0,69.0,18.7,0,0,0,0
41,111.0,79.0,21.8,0,0,0,0
24,115.0,69.0,28.8,0,1,1,0
24,113.0,77.0,25.0,0,0,3,0
41,120.0,75.0,22.7,0,0,1,0
32,132.0,74.0,32.2,0,1,3,1
53,123.0,77.0,20.9,0,0,1,0
21,128.0,73.0,25.5,1,1,0,1
38,140.0,72.0,18.3,0,0,1,0
47,137.0,78.0,22.6,0,0,2,1
77,146.0,80.0,20.8,0,0,0,0
58,126.0,84.0,24.7,0,1,2,0
72,132.0,86.0,24.8,0,0,1,0
40,121.0,80.0,22.1,0,0,1,0
46,122.0,71.0,26.6,0,0,2,0
45,121.0,68.0,21.5,0,1,2,1
73,141.0,83.0,25.6,0,1,2,1
77,145.0,99.0,27.3,0,0,2,1
77,150.0,91.0,20.4,0,1,1,1
65,129.0,78.0,22.0,0,1,1,0
50,125.0,80.0,23.7,0,0,3,0
52,130.0,82.0,25.5,0,0,1,0
78,145.0,78.0,29.2,0,0,2,1
37,147.0,86.0,22.2,1,1,2,1
40,136.0,79.0,22.1,1,0,1,0
73,141.0,88.0,22.0,1,0,0,1
43,129.0,76.0,24.1,0,0,2,0
34,125.0,79.0,21.8,0,0,0,0
53,131.0,74.0,22.8,0,1,1,1
39,124.0,71.0,22.7,1,0,3,0
73,168.0,90.0,26.3,1,1,2,1
74,146.0,78.0,23.0,1,0,1,1
38,138.0,78.0,20.6,1,0,1,0
51,132.0,84.0,24.8,0,0,1,0
79,162.0,93.0,16.0,1,1,0,1
64,162.0,91.0,22.4,1,0,0,1
32,124.0,76.0,19.1,0,0,3,0
55,139.0,96.0,27.4,1,1,2,1
57,143.0,76.0,22.5,0,0,1,0
59,140.0,87.0,22.3,1,0,2,1
21,124.0,73.0,21.9,1,0,1,0
37,112.0,79.0,21.1,0,1,0,0
71,134.0,82.0,23.3,0,0,0,0
34,121.0,82.0,23.0,0,0,0,0
37,135.0,77.0,21.6,1,0,0,0
39,120.0,87.0,21.7,1,0,2,1
30,122.0,75.0,19.5,0,0,1,0
29,121.0,77.0,19.0,1,0,0,0
40,134.0,78.0,23.2,0,0,3,0
72,140.0,84.0,25.5,0,0,2,1
20,103.0,72.0,17.7,0,1,0,0
36,122.0,73.0,25.1,0,0,0,0
23,106.0,67.0,24.4,0,0,3,1
53,142.0,77.0,26.6,0,1,2,1
35,121.0,65.0,23.6,0,1,2,0
67,139.0,86.0,26.3,0,1,1,0
55,148.0,78.0,30.3,1,0,2,1
67,132.0,81.0,23.4,0,0,1,1
58,134.0,88.0,20.8,1,0,1,0
46,131.0,81.0,18.7,0,0,1,0
71,134.0,74.0,29.8,0,0,1,0
48,120.0,77.0,28.7,0,0,2,1
76,152.0,86.0,22.0,0,0,3,1
79,152.0,85.0,22.8,0,0,1,0
55,123.0,85.0,22.8,0,0,2,0
60,131.0,76.0,27.7,0,0,1,0
35,114.0,64.0,18.9,0,1,1,0
68,155.0,86.0,18.5,0,1,1,1
60,143.0,77.0,30.5,0,0,1,1
74,151.0,80.0,25.6,1,0,4,1
36,126.0,73.0,24.2,0,0,1,0
67,139.0,93.0,23.7,1,0,0,1
48,133.0,76.0,24.8,1,1,1,0
31,129.0,89.0,18.0,1,0,1,0
30,132.0,73.0,20.0,1,0,1,0
53,131.0,79.0,24.0,0,0,0,0
39,125.0,69.0,16.1,0,0,3,0
26,116.0,72.0,21.4,0,0,0,0
45,136.0,81.0,22.2,1,0,2,1
59,133.0,72.0,23.0,0,1,3,0
39,120.0,89.0,21.3,0,0,1,0
77,158.0,87.0,21.9,1,0,2,1
66,143.0,79.0,18.8,0,0,0,1
50,132.0,82.0,23.9,0,0,5,0
76,136.0,93.0,23.9,0,0,1,0
45,119.0,82.0,19.1,0,0,0,0
28,120.0,66.0,22.6,0,1,0,0
22,135.0,77.0,21.2,1,0,1,0
76,147.0,75.0,23.4,0,0,3,1
77,143.0,89.0,18.4,0,0,1,0
64,140.0,73.0,26.2,0,0,1,0
26,107.0,67.0,18.6,0,0,1,0
37,133.0,74.0,23.0,0,1,0,0
22,125.0,78.0,19.7,1,0,0,0
23,118.0,74.0,21.0,1,0,1,0
34,119.0,81.0,26.2,0,1,1,0
54,128.0,82.0,25.3,0,0,1,0
23,124.0,74.0,25.5,0,0,0,0
79,146.0,79.0,25.9,0,0,2,1
47,129.0,85.0,24.5,0,1,1,0
35,126.0,70.0,17.4,0,0,1,0
50,124.0,86.0,22.5,0,1,1,0
67,152.0,97.0,23.7,1,1,1,1
38,125.0,77.0,26.6,0,1,0,0
22,111.0,81.0,20.6,1,1,0,0
23,116.0,60.0,22.9,0,1,1,0
71,152.0,87.0,25.2,1,1,4,1
26,117.0,77.0,25.8,0,1,2,0
58,135.0,84.0,23.5,0,1,1,0
43,138.0,75.0,25.6,1,1,0,0
66,160.0,85.0,19.2,1,1,0,1
23,104.0,60.0,17.3,0,0,0,0
73,141.0,85.0,17.8,0,0,1,0
61,142.0,71.0,26.4,0,0,2,0
46,131.0,82.0,25.3,0,1,2,1
32,123.0,79.0,25.3,0,0,2,0
78,179.0,87.0,22.9,1,1,2,1
38,128.0,77.0,21.2,0,1,2,1
49,138.0,76.0,23.1,0,1,3,0
43,123.0,77.0,27.5,0,0,1,0
33,112.0,68.0,27.7,0,1,3,0
44,124.0,79.0,25.6,0,1,1,0
29,123.0,64.0,23.4,0,1,0,0
20,115.0,61.0,26.0,0,1,0,0
37,125.0,74.0,22.1,0,0,1,0
26,124.0,75.0,21.1,1,0,1,0
44,123.0,77.0,22.8,0,0,2,1
71,151.0,85.0,21.6,1,1,3,1
29,123.0,82.0,21.9,0,0,0,0
20,119.0,71.0,18.6,0,1,0,0
26,108.0,73.0,25.4,0,1,2,1
50,136.0,78.0,25.1,0,0,1,0
36,116.0,79.0,27.1,0,0,3,0
49,133.0,80.0,18.6,0,0,3,0
21,111.0,72.0,27.8,0,1,2,0
39,136.0,78.0,18.2,0,0,0,0
44,123.0,67.0,19.6,0,0,1,0
45,128.0,67.0,21.4,0,1,2,0
53,137.0,78.0,27.6,0,0,1,0
66,133.0,81.0,25.0,0,1,0,0
48,128.0,80.0,22.7,0,0,2,0
70,140.0,83.0,22.1,0,0,2,0
